Класс ТМЦ,ТМЦ кратко,TVC,ТМЦ,Код
Скрепка П образная,Скрепка ТРТ3,"1,41","Скрепка ""ТРТ3 СМ""",117803
Скрепка П образная,Скрепка ТПЖ2,"2,72","Скрепка ""ТПЖ2 СМ""",117797
Скрепка П образная,Скрепка ТПЖ1,"2,08","Скрепка ""ТПЖ1 СМ""",117795
Скрепка П образная,Скрепка РСС4,"3,30","Скрепка ""РСС4 СМ""",117790
Скрепка П образная,Скрепка РСС3,"3,28","Скрепка ""РСС3 М""",117788
Скрепка П образная,Скрепка РСС2,"2,63","Скрепка ""РСС2 Х-СМ""",117785
Скрепка П образная,Скрепка РСС1,"2,18","Скрепка ""РСС1 М""",117783
Скрепка П образная,Скрепка РСЕ3,"1,38","Скрепка ""РСЕ3 СМ""",117779
Скрепка П образная,Скрепка РСЕ2,"1,31","Скрепка ""РСЕ2 СМ""",117777
Скрепка П образная,Скрепка РСЕ1,"1,16","Скрепка ""РСЕ1 СМ""",117775
Скрепка П образная,Скрепка РСА3,"1,19","Скрепка ""РСА3 СМ""",117772
Скрепка П образная,Скрепка РСА2,"0,99","Скрепка ""РСА2 СМ""",124654
Скрепка П образная,Скрепка РСА1,"0,70","Скрепка ""РСА1 СМ""",117770
Скрепка П образная,Скрепка Е4,"3,62","Скрепка ""Е4 СМ""",117762
Скрепка П образная,Скрепка Е3,"3,58","Скрепка ""Е3 СМ""",117760
Скрепка П образная,Скрепка Е2,"3,00","Скрепка ""Е2 СМ""",117758
Скрепка П образная,Скрепка Е1,"2,63","Скрепка ""Е1 СМ""",117756
Скрепка П образная,Скрепка Е,"2,36","Скрепка ""Е СМ""",118716
Скрепка П образная,Скрепка ВР3,"1,81","Скрепка ""ВР3 СМ""",117755
Скрепка П образная,Скрепка ВР2,"1,75","Скрепка ""ВР2 Х-СМ""",117753
Скрепка П образная,Скрепка ВР2,"1,71","Скрепка ""ВР2 Х-Т""",118890
Скрепка П образная,Скрепка ВР1,"1,48","Скрепка ""ВР1 СМ""",117751
Скрепка П образная,Скрепка В3,"1,67","Скрепка ""В3 СМ""",117749
Скрепка П образная,Скрепка В2,"1,58","Скрепка ""В2 Х-СМ""",117747
Скрепка П образная,Скрепка В1,"1,40","Скрепка ""В1 СМ""",117745
Скрепка П образная,Скрепка А3,"1,02","Скрепка ""А3 СМ""",117743
Скрепка П образная,Скрепка А2,"0,88","Скрепка ""А2 СМ""",117742
Скрепка П образная,Скрепка А1,"0,76","Скрепка ""А1 СМ""",117741
Скрепка непрерывная,"Скрепка 18-12/5х2,20","3,87","Скрепка ""18-12/5х2,20 П-СМ-0.1-3000""",110606
Скрепка непрерывная,"Скрепка 18-12/5х2,00","3,76","Скрепка ""18-12/5х2,00 П-СМ-0.1-3000""",125279
Скрепка непрерывная,"Скрепка 18-12/5х2,00","3,80","Скрепка ""18-13/5х2,00 П-СМ-0.1-3000""",142235
Скрепка непрерывная,"Скрепка 18-11/5х2,00 П","3,43","Скрепка ""18-11/5х2,00 П-СМ-0.1-3000""",110597
Скрепка непрерывная,"Скрепка 18-11/5х2,00 Л","2,94","Скрепка ""18-11/5х2,00 Л-СМ-0.1-3000""",110599
Скрепка непрерывная,"Скрепка 18-09/5х2,00 П","2,90","Скрепка ""18-09/5х2,00 П-СМ-0.2-4000""",110584
Скрепка непрерывная,"Скрепка 18-09/5х2,00 П","2,88","Скрепка ""18-09/5х2,00 П-СМ-0.3-4000""",110585
Скрепка непрерывная,"Скрепка 18-09/5х2,00 П","2,96","Скрепка ""18-09/5х2,00 П-СМ-0.4-4000""",144597
Скрепка непрерывная,"Скрепка 18-09/5х2,00 Л","2,72","Скрепка ""18-09/5х2,00 Л-СМ-0.1-4000""",110589
Скрепка непрерывная,"Скрепка 18-09/5х2,00 Л","2,69","Скрепка ""18-09/5х2,00 Л-СМ-0.3-4000""",110591
Скрепка непрерывная,"Скрепка 18-09/5х1,75","2,60","Скрепка ""18-09/5х1,75 П-СМ-0.3-4000""",116341
Скрепка непрерывная,"Скрепка 18-07/5х1,75","2,13","Скрепка ""18-07/5х1,75 Л-СМ-0.1-4000""",110565
Скрепка непрерывная,"Скрепка 18-07/5х1,50","2,21","Скрепка ""18-07/5х1,50 П-СМ-0.1-4000""",121001
Скрепка непрерывная,"Скрепка 17-09/5х2,00","2,89","Скрепка ""17-09/5х2,00 П-СМ-0.1-4000""",124071
Скрепка непрерывная,"Скрепка 15-09/5х1,75","2,12","Скрепка ""15-09/5х1,75 Л-СМ-0.1-5000""",110560
Скрепка непрерывная,"Скрепка 15-09/5х1,50","2,10","Скрепка ""15-09/5х1,50 П-СМ-0.1-5000""",110553
Скрепка непрерывная,"Скрепка 15-08/5х1,75","2,28","Скрепка ""15-08/5х1,75 П-СМ-0.1-5000""",110544
Скрепка непрерывная,"Скрепка 15-08/5х1,50","2,18","Скрепка ""15-08/5х1,50 П-СМ-0.1-5000""",110538
Скрепка непрерывная,"Скрепка 15-07/5х1,75","2,00","Скрепка ""15-07/5х1,75 П-М-0.1-6000""",110535
Скрепка непрерывная,"Скрепка 15-07/5х1,50","1,85","Скрепка ""15-07/5х1,50 П-М-0.1-6000""",110530
Скрепка П образная,"Скрепка ""РСS3 CМ""","3,65","Скрепка ""РСS3 CМ""",125341
Петля поперечная,Петля шпагатная КОМПО-25/100 с/к,"0,75","Петля шпагатная ""КОМПО-25/100-3000 Белый""",110513
Петля поперечная,Петля шпагатная КОМПО-25/100 с/к,"0,71","Петля шпагатная ""КОМПО-25/100-3500 Бежевый""",135094
Петля поперечная,Петля шпагатная КОМПО-25/100 с/к,"0,78","Петля шпагатная ""КОМПО-25/100-3500 Белый""",110505
Петля поперечная,Петля шпагатная КОМПО-25/100,"1,46","Петля шпагатная ""КОМПО-25/100-3500 Бежевый""",110506
Петля поперечная,Петля шпагатная КОМПО-25/100,"1,41","Петля шпагатная ""КОМПО-25/100-3500 Белый""",110505
Петля поперечная,Петля шпагатная КОМПО-25/100,"1,55","Петля шпагатная ""КОМПО-25/100-3500 Зеленый""",110510
Петля поперечная,Петля шпагатная КОМПО-25/100,"1,37","Петля шпагатная ""КОМПО-25/100-3500 Красный""",110507
Петля поперечная,Петля шпагатная КОМПО-22/100 с/к,"0,98","Петля шпагатная ""КОМПО-22/100-3500 Желтый""",134459
Петля поперечная,Петля шпагатная КОМПО-22/100 с/к,"1,31","Петля шпагатная ""КОМПО-22/100-3500 Зеленый""",134462
Петля поперечная,Петля шпагатная КОМПО-22/100,"1,63","Петля шпагатная ""КОМПО-22/100-3500 Бежевый""",110520
Петля поперечная,Петля шпагатная КОМПО-22/100,"1,81","Петля шпагатная ""КОМПО-22/100-3500 Белый""",110519
Петля поперечная,Петля шпагатная КОМПО-22/100,"1,79","Петля шпагатная ""КОМПО-22/100-3500 Желтый""",110524
Петля поперечная,Петля шпагатная КОМПО-22/100,"1,58","Петля шпагатная ""КОМПО-22/100-3500 Зеленый""",110523
Петля поперечная,Петля шпагатная КОМПО-22/100,"1,52","Петля шпагатная ""КОМПО-22/100-3500 Красный""",110521
Петля поперечная,Петля шпагатная КОМПО-22/100,"1,44","Петля шпагатная ""КОМПО-22/100-3500 Синий""",110522
Петля поперечная,Петля шпагатная КОМПО-20/100 с/к,"0,86","Петля шпагатная ""КОМПО-20/100-3500 Бежевый""",127010
Петля поперечная,Петля шпагатная КОМПО-20/100 с/к,"0,84","Петля шпагатная ""КОМПО-20/100-3500 Белый""",127011
Петля поперечная,Петля шпагатная КОМПО-20/100 с/к,"0,83","Петля шпагатная ""КОМПО-20/100-3500 Желтый""",134431
Петля поперечная,Петля шпагатная КОМПО-20/100 с/к,"0,98","Петля шпагатная ""КОМПО-20/100-3500 Зеленый""",134436
Петля поперечная,Петля шпагатная КОМПО-20/100 с/к,"0,84","Петля шпагатная ""КОМПО-20/100-3500 Красный""",134437
Петля поперечная,Петля шпагатная КОМПО-20/100 с/к,"0,90","Петля шпагатная ""КОМПО-20/100-3500 Синий""",134362
Петля поперечная,Петля шпагатная КОМПО-20/100,"1,61","Петля шпагатная ""КОМПО-20/100-3500 Бежевый""",110498
Петля поперечная,Петля шпагатная КОМПО-20/100,"1,56","Петля шпагатная ""КОМПО-20/100-3500 Зеленый""",110501
Петля поперечная,Петля шпагатная КОМПО-20/100,"1,49","Петля шпагатная ""КОМПО-20/100-3500 Красный""",110499
Петля поперечная,Петля шпагатная КОМПО-20/100,"0,95","Петля шпагатная ""КОМПО-20/100-3500 Черный""",145087
Петля штучная,Петля шпагатная КОМПО-120,"0,52","Петля шпагатная ""КОМПО-120-10000 Белый""",110468
Петля штучная,Петля шпагатная КОМПО-120,"0,50","Петля шпагатная ""КОМПО-120-10000 Желтый""",110471
Петля штучная,Петля шпагатная КОМПО-120,"0,61","Петля шпагатная ""КОМПО-120-10000 Зеленый""",110472
Петля штучная,Петля шпагатная КОМПО-120,"0,56","Петля шпагатная ""КОМПО-120-10000 Красный""",110469
Петля штучная,Петля шпагатная КОМПО-120,"0,64","Петля шпагатная ""КОМПО-120-10000 Оранжевый""",110473
Петля штучная,Петля шпагатная КОМПО-120,"0,60","Петля шпагатная ""КОМПО-120-10000 Синий""",110470
Петля штучная,Петля шпагатная КОМПО-110,"0,51","Петля шпагатная ""КОМПО-110-10000 Бежевый""",110461
Петля штучная,Петля шпагатная КОМПО-110,"0,53","Петля шпагатная ""КОМПО-110-10000 Белый""",110460
Петля штучная,Петля шпагатная КОМПО-110,"0,50","Петля шпагатная ""КОМПО-110-10000 Желтый""",110464
Петля штучная,Петля шпагатная КОМПО-110,"0,60","Петля шпагатная ""КОМПО-110-10000 Зеленый""",110465
Петля штучная,Петля шпагатная КОМПО-110,"0,60","Петля шпагатная ""КОМПО-110-10000 Красный""",110462
Петля штучная,Петля шпагатная КОМПО-110,"0,50","Петля шпагатная ""КОМПО-110-10000 Синий""",110463
Петля продольная,Петля шпагатная КОМПО-04,"1,00","Петля шпагатная ""КОМПО-04-5000 Белый""",110476
Петля продольная,Петля шпагатная КОМПО-04,"0,99","Петля шпагатная ""КОМПО-04-5000 Желтый""",110482
Петля продольная,Петля шпагатная КОМПО-04,"1,03","Петля шпагатная ""КОМПО-04-5000 Зеленый""",110483
Петля продольная,Петля шпагатная КОМПО-04,"1,00","Петля шпагатная ""КОМПО-04-5000 Красный""",110479
Петля продольная,Петля шпагатная КОМПО-04,"1,04","Петля шпагатная ""КОМПО-04-5000 Оранжевый""",110484
Петля продольная,Петля шпагатная КОМПО-04,"1,00","Петля шпагатная ""КОМПО-04-5000 Синий""",110481
Петля продольная,Петля шпагатная КОМПО-02,"3,70","Петля шпагатная ""КОМПО-04-2000 Белый""",115741
Материал для маркировки,Лента этикетировочная «КОМПО-1П» 12/20,"8,36",Лента этикетировочная «КОМПО-1П» 12/20,053360
